Constituent ID,Gift Count
5,1
54,5
71,3
76,33
92,1
96,5
102,3
104,9
169,1
173,2
178,1
195,1
208,1
230,1
231,1
272,1
281,1
309,3
312,11
314,15
317,9
318,1
320,12
332,8
348,1
372,4
383,1
386,1
387,1
388,5
389,2
398,12
407,2
411,6
417,4
436,10
482,5
507,3
508,6
511,2
531,2
544,1
548,1
549,1
556,1
563,2
580,1
588,4
594,7
600,22
601,2
603,1
614,35
622,1
627,8
643,16
650,1
652,1
653,1
674,1
686,1
687,3
691,7
763,32
783,3
784,1
786,1
793,1
799,3
814,1
895,220
902,2
915,22
919,9
955,1
978,2
1003,3
1031,8
1036,1
1037,2
1039,6
1053,1
1062,4
1110,2
1150,7
1151,3
1152,1
1154,4
1156,2
1177,15
1189,2
1192,5
1193,2
1194,1
1200,5
1202,1
1203,5
1207,19
1215,3
1217,3
1224,1
1231,1
1252,16
1271,1
1275,1
1280,2
1282,4
1295,6
1339,94
1350,25
1354,8
1360,66
1368,62
1373,4
1379,6
1409,4
1417,4
1418,11
1441,1
1446,1
1455,2
1491,6
1492,6
1501,1
1510,5
1513,5
1516,7
1529,2
1530,2
1531,8
1535,2
1540,1
1545,1
1548,1
1551,3
1569,5
1596,32
1597,3
1633,4
1636,31
1640,1
1661,12
1712,5
1716,3
1717,2
1721,6
1724,5
1726,3
1729,5
1748,7
1778,10
1789,1
1801,2
1818,2
1866,2
1869,1
1900,61
1905,4
1931,6
1960,5
1973,1
1995,1
1996,2
1999,5
2000,2
2006.303,1
2006.3041,5
2006.3052,10
2006.3055,4
2006.3057,1
2006.3059,3
2006.306,1
2006.3066,8
2006.3096,2
2006.3127,24
2006.3144,4
2006.3149,3
2006.3151,3
2006.3157,2
2006.316,3
2006.317,6
2006.3173,8
2006.3175,1
2006.3176,7
2006.3188,5
2006.3193,1
2006.3195,2
2006.3196,10
2006.32,10
2006.3223,24
2006.3228,13
2006.3232,1
2006.3284,12
2006.3291,1
2006.3292,3
2006.3293,24
2006.3301,1
2006.3308,20
2006.3334,1
2006.3337,4
2006.334,2
2006.3343,4
2006.3348,7
2006.3363,4
2006.3364,6
2006.3367,4
2006.3371,24
2006.3382,13
2006.3383,3
2006.3398,3
2006.34,3
2006.3416,2
2006.3425,2
2006.343,8
2006.3431,7
2006.3435,3
2006.3439,1
2006.3441,1
2006.3459,14
2006.3467,1
2006.3471,9
2006.3475,6
2006.3476,3
2006.348,1
2006.3481,1
2006.3482,1
2006.3484,2
2006.3492,19
2006.3493,4
2006.3498,2
2006.3499,4
2006.3501,1
2006.3506,4
2006.3514,6
2006.3518,1
2006.3524,7
2006.3525,2
2006.3526,1
2006.3528,6
2006.3531,4
2006.3536,5
2006.3537,4
2006.3538,9
2006.3539,6
2006.354,2
2006.3543,8
2006.3544,6
2006.355,50
2006.3552,6
2006.3556,4
2006.3561,4
2006.3566,5
2006.3584,5
2006.3586,7
2006.3587,5
2006.3588,2
2006.3591,5
2006.3592,4
2006.3594,9
2006.3595,5
2006.3598,1
2006.3601,3
2006.3623,6
2006.3624,2
2006.3627,4
2006.3631,4
2006.3633,5
2006.3641,4
2006.3645,2
2006.3654,14
2006.3655,5
2006.3664,4
2006.3668,6
2006.3674,9
2006.3676,8
2006.368,1
2006.3682,7
2006.3684,5
2006.3688,6
2006.369,3
2006.3699,6
2006.3702,2
2006.3703,2
2006.3707,2
2006.3711,4
2006.3725,2
2006.3734,20
2006.3745,4
2006.3747,4
2006.3748,1
2006.3765,1
2006.3791,4
2007.103,5
2007.104,9
2007.105,1
2007.106,5
2007.11,4
2007.112,3
2007.113,2
2007.114,20
2007.12,4
2007.123,2
2007.124,3
2007.128,2
2007.129,10
2007.13,2
2007.131,2
2007.133,1
2007.135,5
2007.144,46
2007.146,1
2007.148,5
2007.151,1
2007.154,3
2007.157,2
2007.159,2
2007.161,9
2007.166,1
2007.168,2
2007.183,1
2007.184,1
2007.195,1
2007.203,5
2007.206,57
2007.207,3
2007.221,1
2007.225,5
2007.247,2
2007.252,1
2007.254,1
2007.277,4
2007.293,50
2007.312,2
2007.314,3
2007.333,1
2007.336,8
2007.35,2
2007.356,1
2007.375,4
2007.383,3
2007.384,1
2007.385,5
2007.386,1
2007.387,6
2007.389,1
2007.4171,1
2007.419,4
2007.425,2
2007.426,6
2007.43,2
2007.441,3
2007.445,5
2007.4501,1
2007.458,1
2007.466,11
2007.474,2
2007.475,4
2007.478,4
2007.488,11
2007.49,7
2007.491,5
2007.493,6
2007.494,7
2007.495,3
2007.496,5
2007.5,1
2007.506,18
2007.52,56
2007.524,1
2007.528,12
2007.5384,1
2007.5394,1
2007.5399,1
2007.5403,4
2007.5406,2
2007.541,4
2007.5415,1
2007.5424,3
2007.5425,1
2007.5431,5
2007.5434,1
2007.5435,4
2007.5438,1
2007.5442,2
2007.5443,1
2007.5447,6
2007.5449,4
2007.5459,2
2007.5469,4
2007.5473,1
2007.5474,3
2007.5484,1
2007.5489,5
2007.55,1
2007.552,2
2007.553,1
2007.5578,5
2007.558,3
2007.5582,5
2007.5608,1
2007.561,3
2007.5616,4
2007.5632,2
2007.5633,1
2007.5671,3
2007.5683,5
2007.5742,3
2007.5743,5
2007.5751,1
2007.5757,11
2007.5759,11
2007.576,8
2007.5762,4
2007.5763,8
2007.5787,3
2007.5788,9
2007.58,4
2007.5803,5
2007.5808,3
2007.581,4
2007.591,4
2007.599,4
2007.6,8
2007.601,8
2007.603,3
2007.604,1
2007.607,3
2007.609,5
2007.615,1
2007.617,4
2007.619,1
2007.64,4
2007.642,3
2007.644,2
2007.645,3
2007.649,5
2007.65,7
2007.684,2
2007.701,15
2007.716,5
2007.717,6
2007.722,1
2007.727,2
2007.729,2
2007.73,7
2007.732,1
2007.733,6
2007.774,7
2007.777,8
2007.793,3
2007.8,4
2007.846,1
2007.85,1
2007.857,3
2007.86,2
2007.863,2
2007.871,3
2007.879,20
2007.884,1
2007.892,3
2007.895,16
2007.902,3
2007.903,3
2007.904,4
2007.906,3
2007.907,2
2007.908,1
2007.909,5
2007.911,2
2007.913,3
2007.919,3
2007.95,2
2007.99,2
2008.1,1
2008.1004,6
2008.1017,5
2008.1046,8
2008.1077,6
2008.1081,6
2008.1113,1
2008.1138,1
2008.114,6
2008.117,1
2008.118,4
2008.1181,1
2008.1283,1
2008.143,8
2008.1467,1
2008.1472,2
2008.1497,4
2008.15,7
2008.1502,33
2008.152,7
2008.155,1
2008.156,3
2008.1574,2
2008.1582,14
2008.16,5
2008.163,5
2008.164,2
2008.168,12
2008.1722,6
2008.1726,2
2008.1727,3
2008.173,2
2008.1737,8
2008.1821,1
2008.1882,4
2008.1886,3
2008.19,1
2008.1901,9
2008.1911,10
2008.1988,1
2008.1989,2
2008.1991,3
2008.1998,4
2008.1999,2
2008.2,5
2008.2007,5
2008.2019,3
2008.2028,2
2008.2033,2
2008.21,5
2008.244,1
2008.272,4
2008.273,5
2008.274,3
2008.284,5
2008.285,6
2008.372,1
2008.38,12
2008.381,6
2008.382,8
2008.388,4
2008.49,1
2008.494,16
2008.495,1
2008.509,1
2008.512,2
2008.54,1
2008.587,1
2008.59,4
2008.611,4
2008.643,2
2008.671,2
2008.71,5
2008.723,80
2008.735,10
2008.774,7
2008.776,4
2008.802,15
2008.81,6
2008.816,4
2008.818,1
2008.819,5
2008.82,9
2008.821,2
2008.831,3
2008.835,32
2008.837,2
2008.838,4
2008.86,10
2008.876,1
2008.886,1
2008.893,4
2008.952,1
2008.954,15
2008.963,12
2008.97,3
2008.972,2
2008.973,5
2009.102,5
2009.1237,2
2009.1238,12
2009.1249,3
2009.125,4
2009.1303,18
2009.1322,3
2009.1383,1
2009.1464,1
2009.152,8
2009.1523,2
2009.1535,1
2009.1546,6
2009.1556,5
2009.156,4
2009.1561,3
2009.1565,1
2009.157,2
2009.1581,1
2009.1585,2
2009.1586,1
2009.1597,1
2009.1598,1
2009.1602,7
2009.1606,5
2009.1622,4
2009.1624,1
2009.164,1
2009.1645,4
2009.165,1
2009.169,5
2009.1691,2
2009.17,2
2009.171,3
2009.1725,2
2009.174,1
2009.175,12
2009.1752,5
2009.1757,1
2009.1759,2
2009.176,2
2009.1782,3
2009.1805,2
2009.1807,1
2009.1808,7
2009.181,9
2009.1812,1
2009.1813,1
2009.1833,7
2009.1835,1
2009.184,4
2009.1841,1
2009.1845,5
2009.185,1
2009.1855,2
2009.213,4
2009.219,1
2009.222,6
2009.237,1
2009.26,1
2009.284,2
2009.341,6
2009.371,2
2009.437,1
2009.466,6
2009.471,2
2009.484,5
2009.51,6
2009.517,1
2009.55,1
2009.572,8
2009.62,20
2009.64,3
2009.643,5
2009.645,16
2009.661,9
2009.685,3
2009.72,1
2009.74,5
2009.746,45
2009.755,7
2009.756,5
2009.757,3
2009.76,2
2009.762,5
2009.768,5
2009.769,3
2009.77,2
2009.771,4
2009.773,9
2009.775,3
2009.777,2
2009.786,1
2009.794,2
2009.796,2
2009.8,3
2009.81,3
2009.82,1
2009.824,8
2009.835,3
2009.88,2
2009.98,2
2009.999,45
2010.1,4
2010.1008,112
2010.1039,1
2010.1069,3
2010.107,3
2010.1072,6
2010.1076,9
2010.1082,1
2010.1086,1
2010.1087,4
2010.1093,3
2010.11,9
2010.111,3
2010.112,2
2010.1131,2
2010.1136,9
2010.1137,8
2010.1309,6
2010.1311,2
2010.1314,9
2010.1315,3
2010.1325,1
2010.1364,4
2010.1367,1
2010.1406,3
2010.1415,2
2010.1438,3
2010.145,4
2010.1457,7
2010.1478,1
2010.1488,2
2010.1489,6
2010.1514,9
2010.157,2
2010.161,26
2010.1662,5
2010.1665,3
2010.1708,3
2010.171,1
2010.1719,1
2010.172,1
2010.1727,1
2010.1732,1
2010.1761,1
2010.1783,3
2010.1784,1
2010.1806,3
2010.1816,9
2010.1825,1
2010.1826,2
2010.1859,4
2010.1874,4
2010.1893,4
2010.1894,6
2010.1904,8
2010.192,1
2010.1934,1
2010.1935,3
2010.1936,3
2010.1946,1
2010.1966,3
2010.197,1
2010.1985,1
2010.1989,1
2010.199,2
2010.2017,15
2010.2028,2
2010.2085,1
2010.2087,5
2010.209,1
2010.21,1
2010.211,1
2010.2133,2
2010.2136,3
2010.2153,1
2010.216,3
2010.217,3
2010.227,5
2010.231,1
2010.25,6
2010.3,17
2010.331,4
2010.405,4
2010.437,2
2010.467,3
2010.47,3
2010.473,8
2010.485,1
2010.578,5
2010.58,4
2010.584,4
2010.62,2
2010.621,4
2010.63,7
2010.646,5
2010.659,11
2010.682,10
2010.743,1
2010.75,2
2010.751,4
2010.753,1
2010.787,5
2010.8,1
2010.806,1
2010.82,5
2010.834,1
2010.838,3
2010.843,1
2010.854,3
2011.1002,8
2011.1003,1
2011.1004,1
2011.1027,4
2011.1033,3
2011.1041,10
2011.1161,3
2011.1173,12
2011.1176,3
2011.1209,9
2011.121,2
2011.1211,2
2011.1227,5
2011.1275,1
2011.1288,5
2011.1332,22
2011.1343,4
2011.1409,4
2011.1411,4
2011.142,33
2011.1421,6
2011.1452,2
2011.1469,4
2011.1494,2
2011.1499,2
2011.1501,1
2011.1526,1
2011.1527,1
2011.1535,7
2011.1538,2
2011.1545,22
2011.1552,3
2011.1553,1
2011.1567,3
2011.1577,2
2011.1599,1
2011.16,1
2011.1605,3
2011.1643,1
2011.1662,1
2011.1669,9
2011.1713,4
2011.1715,2
2011.1728,2
2011.1741,1
2011.1743,1
2011.1749,2
2011.1767,1
2011.1786,1
2011.18,2
2011.1816,1
2011.1835,1
2011.1848,3
2011.1852,1
2011.1853,1
2011.1856,1
2011.1857,2
2011.1865,1
2011.1868,4
2011.1893,1
2011.1911,1
2011.1912,2
2011.192,3
2011.1928,2
2011.1936,7
2011.1939,4
2011.1947,5
2011.1952,9
2011.1955,3
2011.1968,4
2011.197,8
2011.1987,23
2011.201,2
2011.2014,20
2011.2026,5
2011.2029,1
2011.2032,2
2011.2042,4
2011.2087,1
2011.2088,1
2011.2092,2
2011.21,2
2011.2119,1
2011.22,4
2011.221,1
2011.23,5
2011.31,15
2011.36,1
2011.379,1
2011.385,2
2011.392,1
2011.432,3
2011.439,1
2011.476,2
2011.48,1
2011.537,2
2011.56,6
2011.587,1
2011.59,2
2011.61,5
2011.622,5
2011.627,6
2011.632,1
2011.64,2
2011.7,1
2011.714,1
2011.74,2
2011.743,1
2011.754,1
2011.773,1
2011.775,3
2011.795,5
2011.818,1
2011.82,4
2011.832,2
2011.855,4
2011.858,1
2011.86,8
2011.864,1
2011.867,36
2011.903,15
2011.905,1
2011.909,1
2011.916,6
2011.917,3
2011.93,1
2011.933,3
2011.952,2
2011.968,2
2011.969,7
2011.975,5
2011.979,84
2012.1027,4
2012.1031,3
2012.1096,1
2012.1106,5
2012.1108,1
2012.1109,2
2012.113,1
2012.1152,1
2012.1153,4
2012.1168,5
2012.1193,1
2012.125,6
2012.1254,5
2012.1271,4
2012.1287,1
2012.1401,4
2012.1408,3
2012.143,4
2012.152,2
2012.1565,5
2012.1566,1
2012.1587,5
2012.1598,1
2012.1636,2
2012.166,2
2012.1671,22
2012.1674,1
2012.1692,1
2012.17,56
2012.1733,4
2012.1743,2
2012.177,2
2012.178,1
2012.1784,2
2012.1786,2
2012.1793,4
2012.1806,6
2012.1842,2
2012.1848,4
2012.1887,2
2012.1892,2
2012.1907,1
2012.1913,2
2012.1933,1
2012.1939,2
2012.1985,1
2012.2,1
2012.2014,1
2012.2059,5
2012.2097,5
2012.21,2
2012.2115,1
2012.212,3
2012.2123,6
2012.2134,1
2012.2136,5
2012.2165,20
2012.218,1
2012.2184,7
2012.219,1
2012.222,2
2012.2221,5
2012.2224,60
2012.223,1
2012.2239,4
2012.224,8
2012.2246,3
2012.226,5
2012.2274,2
2012.2278,4
2012.229,4
2012.2311,1
2012.236,10
2012.237,1
2012.26,1
2012.289,2
2012.31,1
2012.37,4
2012.371,4
2012.45,2
2012.677,1
2012.728,4
2012.754,273
2012.784,4
2012.794,2
2012.8,2
2012.825,5
2012.847,4
2012.9,3
2012.94,8
2013.1042,4
2013.1093,8
2013.115,3
2013.1167,1
2013.1174,5
2013.1175,6
2013.118,4
2013.12,1
2013.1273,7
2013.1292,3
2013.1315,1
2013.1334,6
2013.1369,3
2013.1452,5
2013.1469,4
2013.1471,5
2013.1477,1
2013.1479,1
2013.1489,1
2013.1491,1
2013.1504,1
2013.1508,1
2013.1548,1
2013.1561,4
2013.1572,1
2013.1603,1
2013.165,1
2013.1661,12
2013.1668,3
2013.1681,6
2013.1749,5
2013.1809,1
2013.1819,10
2013.1832,2
2013.1833,30
2013.1834,26
2013.1839,2
2013.1842,1
2013.1851,1
2013.1852,2
2013.1882,1
2013.1885,5
2013.1886,8
2013.1917,2
2013.1936,3
2013.1938,8
2013.194,4
2013.1946,2
2013.1947,3
2013.1948,4
2013.1951,4
2013.199,3
2013.1991,4
2013.2006,4
2013.203,7
2013.2047,1
2013.221,2
2013.231,2
2013.244,2
2013.245,7
2013.246,1
2013.247,2
2013.25,6
2013.256,5
2013.257,4
2013.301,4
2013.305,3
2013.337,3
2013.409,2
2013.452,8
2013.472,2
2013.492,20
2013.499,5
2013.544,5
2013.546,6
2013.558,2
2013.559,5
2013.57,1
2013.571,5
2013.579,4
2013.589,5
2013.595,5
2013.601,1
2013.641,1
2013.647,2
2013.656,2
2013.69,1
2013.7,3
2013.72,1
2013.811,1
2013.9,1
2013.925,1
2013.98,3
2013.984,1
2014,1
2014.1001,1
2014.1006,2
2014.1008,1
2014.1072,2
2014.108,1
2014.1087,4
2014.1108,3
2014.1109,4
2014.1114,1
2014.1133,6
2014.1137,61
2014.1153,3
2014.12,1
2014.1212,2
2014.1231,5
2014.1243,3
2014.1282,2
2014.1294,3
2014.1309,3
2014.1341,1
2014.135,2
2014.1384,2
2014.1386,3
2014.14,2
2014.1402,1
2014.1428,5
2014.1437,10
2014.1462,5
2014.154,6
2014.161,2
2014.166,7
2014.169,12
2014.193,15
2014.199,1
2014.236,1
2014.26,1
2014.275,2
2014.309,3
2014.31,3
2014.338,3
2014.351,4
2014.352,2
2014.378,2
2014.43,5
2014.479,2
2014.497,6
2014.512,2
2014.519,2
2014.522,1
2014.526,2
2014.531,2
2014.591,4
2014.69,4
2014.778,3
2014.784,2
2014.794,13
2014.806,1
2014.81,3
2014.82,1
2014.892,1
2014.899,3
2014.905,5
2014.932,3
2014.949,2
2014.962,4
2014.964,1
2015.1003,1
2015.1007,2
2015.1049,1
2015.1058,1
2015.1071,1
2015.1088,2
2015.1101,1
2015.112,1
2015.12,1
2015.121,1
2015.1218,1
2015.1238,2
2015.1241,3
2015.1249,1
2015.1254,1
2015.1255,3
2015.126,2
2015.1285,18
2015.1299,3
2015.1303,1
2015.1307,2
2015.1329,3
2015.133,6
2015.1338,2
2015.134,2
2015.1347,4
2015.1359,1
2015.1368,2
2015.1371,2
2015.1381,4
2015.1387,6
2015.139,2
2015.1407,1
2015.1426,3
2015.1454,2
2015.1463,2
2015.1464,1
2015.1485,3
2015.1497,1
2015.1498,1
2015.1499,1
2015.15,1
2015.1502,1
2015.1529,2
2015.1568,1
2015.157,12
2015.161,6
2015.1613,3
2015.1631,136
2015.1652,2
2015.1655,1
2015.1665,1
2015.1666,3
2015.1667,6
2015.1672,1
2015.1676,3
2015.172,2
2015.188,1
2015.194,4
2015.203,1
2015.206,4
2015.21,1
2015.212,13
2015.213,49
2015.229,2
2015.23,8
2015.238,1
2015.248,2
2015.259,2
2015.269,3
2015.271,3
2015.28,2
2015.283,2
2015.284,2
2015.307,1
2015.308,2
2015.311,6
2015.312,2
2015.319,3
2015.33,9
2015.338,4
2015.344,1
2015.36,1
2015.361,1
2015.375,1
2015.386,1
2015.388,1
2015.39,1
2015.392,1
2015.421,1
2015.424,2
2015.443,6
2015.444,1
2015.448,2
2015.465,1
2015.47,5
2015.476,2
2015.545,2
2015.55,1
2015.566,1
2015.6,4
2015.646,1
2015.66,1
2015.676,1
2015.68,12
2015.684,1
2015.7,12
2015.735,7
2015.786,2
2015.846,45
2015.861,1
2015.966,1
2015.987,2
2015.989,12
2015.993,2
2016.1023,1
2016.1027,1
2016.1028,1
2016.103,3
2016.1036,3
2016.1038,7
2016.104,1
2016.105,2
2016.1064,6
2016.109,16
2016.1137,1
2016.115,2
2016.1186,2
2016.1197,1
2016.1217,2
2016.1246,2
2016.13,11
2016.1308,2
2016.1327,1
2016.1337,2
2016.1338,1
2016.134,1
2016.1343,51
2016.1401,1
2016.1404,2
2016.141,1
2016.1421,2
2016.1422,2
2016.1423,1
2016.1429,3
2016.1432,6
2016.1472,1
2016.1476,1
2016.148,1
2016.1487,90
2016.1495,1
2016.15,2
2016.1509,1
2016.1516,2
2016.1524,2
2016.1526,1
2016.1532,6
2016.1554,2
2016.1555,18
2016.1579,4
2016.1591,20
2016.1601,4
2016.1603,4
2016.1622,3
2016.1636,1
2016.1637,8
2016.164,1
2016.1674,1
2016.1701,5
2016.1724,1
2016.1733,2
2016.1737,2
2016.1761,12
2016.1775,2
2016.18,1
2016.19,1
2016.191,9
2016.205,2
2016.211,2
2016.214,4
2016.234,2
2016.239,4
2016.24,3
2016.241,5
2016.272,1
2016.274,3
2016.279,2
2016.294,14
2016.296,12
2016.298,7
2016.3,1
2016.313,3
2016.315,1
2016.319,2
2016.32,1
2016.325,5
2016.327,13
2016.328,2
2016.34,1
2016.346,1
2016.347,2
2016.348,1
2016.353,1
2016.36,1
2016.361,6
2016.364,2
2016.365,2
2016.376,1
2016.379,3
2016.393,1
2016.4,1
2016.41,4
2016.414,1
2016.419,1
2016.434,1
2016.462,7
2016.49,4
2016.505,1
2016.51,2
2016.512,1
2016.535,4
2016.536,1
2016.546,1
2016.548,1
2016.549,6
2016.577,1
2016.58,3
2016.589,1
2016.61,2
2016.62,2
2016.63,4
2016.64,6
2016.643,2
2016.66,2
2016.662,2
2016.667,1
2016.669,1
2016.67,2
2016.68,3
2016.7,2
2016.767,1
2016.771,1
2016.773,2
2016.774,4
2016.776,2
2016.777,2
2016.8,5
2016.803,5
2016.811,2
2016.84,1
2016.88,3
2016.902,1
2016.97,8
2016.99,8
2017.108,1
2017.1084,2
2017.1088,1
2017.1091,3
2017.11,1
2017.1101,1
2017.1125,1
2017.1144,6
2017.1201,1
2017.1207,4
2017.1215,2
2017.1231,1
2017.1233,1
2017.1241,1
2017.1291,3
2017.132,1
2017.1335,4
2017.1336,4
2017.135,1
2017.1354,1
2017.1356,1
2017.1357,1
2017.1362,1
2017.137,2
2017.1377,1
2017.1378,1
2017.1381,1
2017.1383,1
2017.1384,5
2017.1385,1
2017.1386,1
2017.1387,1
2017.1388,1
2017.1389,1
2017.139,1
2017.14,1
2017.1403,5
2017.1409,3
2017.1411,1
2017.1413,1
2017.1416,2
2017.142,1
2017.144,6
2017.1441,2
2017.1443,1
2017.1448,1
2017.145,2
2017.1456,1
2017.1457,1
2017.1458,1
2017.1464,6
2017.1479,1
2017.1495,1
2017.1499,1
2017.15,2
2017.1501,1
2017.1502,1
2017.1503,1
2017.1504,1
2017.1505,1
2017.1506,3
2017.1507,1
2017.1508,1
2017.1511,1
2017.152,2
2017.1535,1
2017.1538,1
2017.154,1
2017.1542,1
2017.1544,1
2017.1545,1
2017.1546,1
2017.1547,1
2017.1548,1
2017.1549,1
2017.1564,5
2017.1565,1
2017.1574,25
2017.1587,1
2017.1589,1
2017.1591,1
2017.1597,3
2017.1602,6
2017.1607,2
2017.1614,4
2017.1615,1
2017.1618,1
2017.1623,1
2017.1624,2
2017.1632,1
2017.164,6
2017.1642,2
2017.1643,32
2017.1647,1
2017.1648,1
2017.1649,1
2017.165,2
2017.1655,9
2017.1656,1
2017.1658,1
2017.1659,1
2017.166,1
2017.1661,1
2017.1662,7
2017.1663,2
2017.1665,1
2017.1666,1
2017.1667,2
2017.1668,1
2017.1669,1
2017.1677,1
2017.1678,1
2017.168,1
2017.1682,5
2017.1685,5
2017.1687,1
2017.1688,12
2017.169,1
2017.1698,1
2017.1702,1
2017.1703,1
2017.1704,1
2017.1705,1
2017.1706,1
2017.1707,1
2017.1709,1
2017.171,1
2017.1711,1
2017.1713,1
2017.1714,1
2017.1717,1
2017.1718,1
2017.1721,1
2017.1722,1
2017.1723,1
2017.1725,1
2017.1727,1
2017.1729,1
2017.1732,1
2017.1733,1
2017.1734,1
2017.1735,1
2017.1742,1
2017.1743,1
2017.1744,1
2017.1745,1
2017.1746,1
2017.1747,2
2017.1748,2
2017.1749,4
2017.175,1
2017.1752,1
2017.1753,4
2017.1761,3
2017.1763,1
2017.1766,1
2017.1769,1
2017.177,3
2017.1773,1
2017.1775,1
2017.1776,1
2017.1777,1
2017.1783,2
2017.1784,14
2017.1786,1
2017.1787,1
2017.1792,1
2017.1794,1
2017.1795,1
2017.1801,364
2017.1805,1
2017.1811,1
2017.1812,3
2017.1817,3
2017.1824,1
2017.1827,1
2017.1829,1
2017.183,2
2017.1831,1
2017.1833,1
2017.1834,1
2017.1835,1
2017.1837,1
2017.1838,1
2017.1839,5
2017.1843,1
2017.1855,1
2017.1856,5
2017.1857,1
2017.1858,1
2017.1861,3
2017.187,1
2017.1871,2
2017.1873,1
2017.1875,3
2017.1878,3
2017.1879,3
2017.188,1
2017.191,1
2017.208,7
2017.21,5
2017.268,1
2017.271,2
2017.272,5
2017.273,3
2017.278,2
2017.28,1
2017.284,5
2017.297,4
2017.329,2
2017.367,1
2017.371,22
2017.407,1
2017.457,1
2017.464,1
2017.478,5
2017.482,1
2017.497,1
2017.502,1
2017.504,3
2017.516,1
2017.534,4
2017.566,1
2017.596,8
2017.599,2
2017.632,1
2017.68,1
2017.76,1
2017.77,2
2017.776,1
2017.78,5
2017.798,1
2017.799,16
2017.803,2
2017.816,1
2017.86,2
2017.88,3
2017.882,1
2017.885,1
2017.888,1
2017.893,1
2017.906,1
2017.913,1
2017.918,172
2017.979,4
2017.998,2
2018.1,2
2018.1002,2
2018.1007,8
2018.101,1
2018.1012,5
2018.102,5
2018.103,15
2018.1031,1
2018.1062,1
2018.107,14
2018.1071,2
2018.1077,1
2018.1112,2
2018.1113,3
2018.1131,1
2018.1133,2
2018.1137,1
2018.1142,1
2018.1143,4
2018.1145,1
2018.1171,1
2018.1172,1
2018.1173,1
2018.1183,2
2018.1184,1
2018.1185,6
2018.119,7
2018.1194,3
2018.1208,1
2018.1209,1
2018.121,1
2018.1218,8
2018.1227,5
2018.123,3
2018.1235,1
2018.1237,12
2018.124,12
2018.1254,1
2018.1267,1
2018.1268,1
2018.1269,1
2018.127,1
2018.1288,1
2018.1291,1
2018.1298,4
2018.1299,2
2018.13,1
2018.1302,1
2018.1307,1
2018.1314,3
2018.1325,1
2018.134,1
2018.1342,1
2018.1355,3
2018.1369,2
2018.1371,1
2018.1373,1
2018.1374,1
2018.1375,1
2018.1376,2
2018.1382,1
2018.1391,2
2018.1392,1
2018.1398,3
2018.1406,1
2018.1408,1
2018.1413,1
2018.1415,1
2018.1422,3
2018.143,2
2018.1445,1
2018.1446,1
2018.1454,2
2018.1455,1
2018.1458,2
2018.147,3
2018.1476,1
2018.1477,1
2018.1478,1
2018.1481,1
2018.1482,1
2018.1483,1
2018.1484,1
2018.1493,4
2018.1494,3
2018.1495,4
2018.15,3
2018.1506,3
2018.1508,1
2018.1509,1
2018.151,9
2018.1511,1
2018.1513,1
2018.1517,1
2018.1521,1
2018.1522,4
2018.16,1
2018.174,10
2018.178,3
2018.184,1
2018.186,1
2018.19,1
2018.191,1
2018.192,2
2018.193,1
2018.194,1
2018.203,1
2018.23,1
2018.233,2
2018.234,2
2018.236,1
2018.238,1
2018.24,2
2018.249,3
2018.25,1
2018.251,1
2018.263,1
2018.277,3
2018.278,1
2018.281,1
2018.288,1
2018.313,1
2018.314,2
2018.316,1
2018.319,2
2018.32,5
2018.323,1
2018.33,2
2018.339,1
2018.34,2
2018.35,2
2018.351,4
2018.37,4
2018.373,1
2018.374,1
2018.375,1
2018.376,2
2018.378,1
2018.38,1
2018.381,1
2018.384,1
2018.388,1
2018.389,1
2018.39,1
2018.392,1
2018.393,1
2018.397,1
2018.4,2
2018.401,1
2018.402,1
2018.405,6
2018.407,1
2018.408,1
2018.413,1
2018.414,1
2018.417,1
2018.418,1
2018.419,1
2018.42,5
2018.421,1
2018.423,2
2018.43,3
2018.432,1
2018.434,1
2018.435,1
2018.436,1
2018.437,1
2018.439,1
2018.442,2
2018.444,1
2018.445,1
2018.446,1
2018.449,1
2018.46,2
2018.465,2
2018.472,1
2018.473,1
2018.476,1
2018.478,1
2018.479,1
2018.48,5
2018.483,1
2018.485,1
2018.487,1
2018.488,1
2018.491,1
2018.493,1
2018.494,1
2018.495,1
2018.5,1
2018.501,1
2018.503,1
2018.506,1
2018.511,1
2018.515,1
2018.517,1
2018.52,2
2018.54,5
2018.64,1
2018.641,1
2018.642,1
2018.643,1
2018.646,1
2018.647,1
2018.648,1
2018.653,3
2018.654,3
2018.655,1
2018.657,1
2018.66,1
2018.665,1
2018.671,1
2018.678,1
2018.68,1
2018.683,1
2018.684,2
2018.69,2
2018.7,1
2018.71,2
2018.72,5
2018.73,10
2018.742,1
2018.757,3
2018.764,1
2018.765,1
2018.81,4
2018.817,8
2018.824,1
2018.828,1
2018.837,12
2018.854,2
2018.855,2
2018.856,1
2018.871,6
2018.876,4
2018.88,1
2018.881,1
2018.882,1
2018.895,1
2018.901,1
2018.902,1
2018.903,1
2018.94,4
2018.95,1
2018.96,14
2018.98,5
2019.1,2
2019.1005,1
2019.101,2
2019.1031,1
2019.1032,4
2019.1038,1
2019.1039,6
2019.105,1
2019.1055,1
2019.1057,6
2019.1072,1
2019.1075,1
2019.1077,1
2019.1078,1
2019.1098,1
2019.1099,3
2019.112,5
2019.1148,8
2019.117,1
2019.1177,3
2019.118,2
2019.1199,1
2019.12,6
2019.1201,3
2019.1203,1
2019.1205,1
2019.1206,1
2019.1207,1
2019.1208,1
2019.122,1
2019.1229,5
2019.123,3
2019.124,1
2019.1242,1
2019.1244,3
2019.1246,4
2019.1247,5
2019.1249,3
2019.125,4
2019.1261,1
2019.1263,1
2019.1264,5
2019.1265,1
2019.1266,1
2019.1267,1
2019.1268,1
2019.1269,2
2019.127,1
2019.1272,1
2019.1275,1
2019.1277,1
2019.1278,1
2019.1279,1
2019.128,1
2019.1284,1
2019.1285,1
2019.1286,1
2019.1287,1
2019.1288,1
2019.1289,1
2019.129,1
2019.1291,1
2019.1292,1
2019.1308,1
2019.1311,2
2019.1312,4
2019.1313,3
2019.1315,3
2019.1317,1
2019.1318,3
2019.1319,2
2019.1321,3
2019.1322,3
2019.1323,3
2019.1324,3
2019.1325,1
2019.1326,1
2019.1327,1
2019.1329,1
2019.1331,1
2019.1332,1
2019.1333,1
2019.1335,1
2019.1337,1
2019.1338,1
2019.1339,1
2019.134,1
2019.1341,1
2019.1342,1
2019.1344,1
2019.1345,1
2019.1346,1
2019.1347,1
2019.1349,1
2019.135,1
2019.1352,1
2019.1354,1
2019.1356,1
2019.1358,1
2019.1359,1
2019.136,1
2019.1361,1
2019.1362,1
2019.1363,1
2019.1365,1
2019.1366,1
2019.1367,1
2019.1369,1
2019.137,1
2019.1372,1
2019.1373,1
2019.1374,1
2019.1377,1
2019.1378,1
2019.1379,1
2019.138,1
2019.1381,2
2019.1383,1
2019.1384,1
2019.1385,1
2019.1386,1
2019.1388,1
2019.1389,1
2019.139,1
2019.1391,1
2019.1393,1
2019.1394,1
2019.1395,1
2019.1396,1
2019.1398,1
2019.1399,1
2019.14,1
2019.1401,1
2019.1403,1
2019.1404,1
2019.1406,1
2019.1408,1
2019.1409,1
2019.1411,1
2019.1413,1
2019.1415,1
2019.1416,1
2019.1417,1
2019.1418,1
2019.1419,1
2019.142,1
2019.1421,1
2019.1423,1
2019.1425,1
2019.1427,1
2019.1429,1
2019.143,1
2019.1431,1
2019.1433,1
2019.1437,1
2019.1438,4
2019.1439,1
2019.144,1
2019.1441,1
2019.1446,1
2019.1447,3
2019.145,1
2019.1451,3
2019.146,4
2019.1467,1
2019.1468,1
2019.1469,1
2019.147,1
2019.1471,1
2019.1473,1
2019.1475,1
2019.1479,1
2019.149,2
2019.1496,1
2019.1507,1
2019.1508,1
2019.1509,1
2019.151,1
2019.1512,1
2019.1513,1
2019.1514,1
2019.1522,3
2019.1523,1
2019.1535,2
2019.1541,1
2019.1542,7
2019.1547,19
2019.1549,1
2019.1558,1
2019.1562,1
2019.1579,3
2019.158,3
2019.1585,2
2019.1587,1
2019.159,2
2019.1591,1
2019.16,1
2019.1601,1
2019.1602,2
2019.1603,1
2019.1605,1
2019.1636,1
2019.164,10
2019.165,1
2019.1651,1
2019.1652,1
2019.1655,1
2019.166,2
2019.1664,1
2019.1673,1
2019.1685,2
2019.169,2
2019.1691,1
2019.1692,1
2019.17,3
2019.1701,1
2019.1718,1
2019.1719,1
2019.172,1
2019.1721,1
2019.1722,1
2019.1727,1
2019.173,3
2019.1741,1
2019.192,1
2019.197,1
2019.198,2
2019.207,3
2019.208,1
2019.211,5
2019.219,1
2019.221,4
2019.222,3
2019.23,5
2019.235,2
2019.237,8
2019.243,3
2019.245,16
2019.246,5
2019.249,7
2019.25,1
2019.256,1
2019.261,1
2019.262,1
2019.263,3
2019.267,1
2019.268,1
2019.283,1
2019.286,1
2019.292,5
2019.294,1
2019.3,2
2019.302,1
2019.303,1
2019.304,2
2019.305,1
2019.307,4
2019.311,2
2019.312,1
2019.314,2
2019.315,1
2019.322,5
2019.323,2
2019.324,2
2019.341,1
2019.344,1
2019.35,2
2019.352,3
2019.38,8
2019.381,1
2019.394,2
2019.395,1
2019.396,1
2019.397,1
2019.398,1
2019.399,2
2019.4,3
2019.403,1
2019.404,1
2019.405,1
2019.406,1
2019.407,2
2019.408,1
2019.422,1
2019.423,1
2019.425,1
2019.426,1
2019.428,1
2019.431,1
2019.432,2
2019.433,1
2019.434,2
2019.435,1
2019.436,1
2019.437,1
2019.441,2
2019.444,1
2019.445,3
2019.446,1
2019.45,1
2019.451,1
2019.458,2
2019.461,1
2019.462,1
2019.463,1
2019.464,1
2019.466,1
2019.469,1
2019.474,1
2019.485,1
2019.493,4
2019.494,1
2019.5,2
2019.503,1
2019.504,1
2019.506,1
2019.522,5
2019.524,2
2019.538,1
2019.539,2
2019.54,1
2019.541,1
2019.55,1
2019.551,1
2019.553,1
2019.557,5
2019.561,1
2019.564,1
2019.565,2
2019.566,15
2019.568,1
2019.575,1
2019.576,1
2019.578,2
2019.581,1
2019.583,1
2019.584,1
2019.585,1
2019.586,1
2019.6,1
2019.66,1
2019.691,1
2019.696,1
2019.697,1
2019.701,1
2019.703,1
2019.705,1
2019.706,1
2019.708,1
2019.711,2
2019.712,2
2019.713,1
2019.715,1
2019.717,7
2019.719,1
2019.72,1
2019.721,1
2019.726,1
2019.731,2
2019.736,2
2019.741,2
2019.742,1
2019.745,1
2019.746,1
2019.752,1
2019.753,1
2019.754,1
2019.755,1
2019.775,1
2019.777,1
2019.778,1
2019.78,1
2019.79,1
2019.837,1
2019.852,1
2019.853,1
2019.854,1
2019.855,1
2019.862,1
2019.863,1
2019.866,1
2019.871,1
2019.924,2
2019.925,1
2019.979,3
2019.98,2
2019.981,1
2019.984,1
2019.986,1
2019.988,1
2019.992,1
2019.996,2
2020.1,2
2020.1001,1
2020.1003,1
2020.1004,1
2020.1008,1
2020.1009,1
2020.1011,1
2020.1022,4
2020.1033,1
2020.1041,1
2020.1042,1
2020.1043,1
2020.1045,2
2020.1046,1
2020.1049,1
2020.105,6
2020.107,2
2020.1078,1
2020.11,2
2020.1107,1
2020.1108,1
2020.112,2
2020.113,1
2020.114,1
2020.116,2
2020.1198,1
2020.1199,1
2020.12,1
2020.1203,1
2020.1223,2
2020.1228,1
2020.1229,1
2020.1238,1
2020.1241,1
2020.1242,1
2020.1243,1
2020.1246,1
2020.127,1
2020.128,1
2020.1293,1
2020.13,1
2020.131,1
2020.1311,1
2020.1319,1
2020.132,2
2020.1325,1
2020.1328,1
2020.1329,1
2020.133,2
2020.1334,1
2020.1335,1
2020.1339,1
2020.134,1
2020.1341,3
2020.1349,4
2020.135,2
2020.1362,1
2020.1364,1
2020.1366,1
2020.1368,1
2020.1369,1
2020.1372,1
2020.1383,1
2020.1385,1
2020.1388,1
2020.1389,1
2020.139,3
2020.1397,1
2020.14,2
2020.1407,1
2020.141,1
2020.142,1
2020.1422,1
2020.1424,2
2020.1425,1
2020.1426,1
2020.1437,2
2020.1439,2
2020.1443,1
2020.1444,1
2020.1446,2
2020.1447,1
2020.145,1
2020.1453,1
2020.1457,1
2020.1468,1
2020.1479,2
2020.1481,2
2020.1482,1
2020.1484,1
2020.1488,1
2020.15,2
2020.1506,1
2020.1507,1
2020.1515,2
2020.1516,1
2020.1522,1
2020.1523,1
2020.1525,1
2020.1526,1
2020.154,2
2020.1547,1
2020.155,1
2020.1553,3
2020.1554,1
2020.1555,1
2020.1556,1
2020.1557,1
2020.156,1
2020.1564,3
2020.1568,1
2020.1574,1
2020.1576,1
2020.1578,1
2020.158,1
2020.1588,1
2020.1594,1
2020.1595,1
2020.1598,2
2020.1599,1
2020.16,1
2020.161,1
2020.1618,1
2020.162,1
2020.1621,1
2020.1622,1
2020.1623,1
2020.1631,2
2020.1639,2
2020.1643,3
2020.1648,1
2020.1651,2
2020.1652,1
2020.1655,5
2020.1663,2
2020.1668,1
2020.1669,1
2020.167,1
2020.1672,1
2020.1674,1
2020.1675,1
2020.1678,1
2020.1679,1
2020.168,2
2020.1686,1
2020.169,1
2020.1699,3
2020.17,3
2020.1709,6
2020.1712,1
2020.1713,2
2020.1715,1
2020.174,1
2020.1746,1
2020.1749,1
2020.175,89
2020.1751,1
2020.1752,1
2020.1753,1
2020.1754,1
2020.1755,1
2020.1757,1
2020.176,6
2020.178,1
2020.179,1
2020.1792,2
2020.1795,1
2020.18,1
2020.1806,1
2020.1809,1
2020.181,1
2020.1811,1
2020.1821,3
2020.1822,1
2020.1825,2
2020.1827,1
2020.183,1
2020.1843,1
2020.1845,1
2020.1846,2
2020.1854,3
2020.1856,1
2020.1867,2
2020.187,1
2020.1871,1
2020.2,1
2020.214,1
2020.218,1
2020.219,1
2020.23,1
2020.24,1
2020.249,1
2020.25,2
2020.253,1
2020.26,1
2020.266,1
2020.268,1
2020.29,1
2020.299,1
2020.3,2
2020.305,1
2020.306,6
2020.307,1
2020.308,2
2020.331,4
2020.341,1
2020.343,1
2020.365,1
2020.38,1
2020.39,1
2020.397,1
2020.398,1
2020.4,3
2020.41,1
2020.42,1
2020.441,1
2020.47,1
2020.48,1
2020.484,1
2020.49,1
2020.5,1
2020.506,1
2020.509,1
2020.51,1
2020.514,1
2020.52,1
2020.539,1
2020.553,1
2020.56,1
2020.571,1
2020.575,1
2020.579,1
2020.583,1
2020.587,1
2020.59,6
2020.591,1
2020.592,1
2020.593,1
2020.595,1
2020.597,1
2020.598,1
2020.599,1
2020.6,2
2020.605,1
2020.608,1
2020.63,1
2020.636,1
2020.637,1
2020.64,1
2020.649,1
2020.652,1
2020.663,1
2020.67,1
2020.676,1
2020.7,1
2020.73,1
2020.782,1
2020.784,1
2020.787,1
2020.788,1
2020.79,1
2020.801,1
2020.806,1
2020.807,1
2020.809,1
2020.818,1
2020.821,1
2020.84,1
2020.842,1
2020.843,2
2020.844,1
2020.845,1
2020.846,1
2020.848,1
2020.849,1
2020.85,1
2020.852,1
2020.854,1
2020.855,1
2020.856,1
2020.862,1
2020.894,1
2020.896,1
2020.898,1
2020.9,1
2020.901,1
2020.902,1
2020.904,4
2020.94,2
2020.96,1
2020.97,1
2021.1005,19
2021.11,2
2021.116,2
2021.1162,1
2021.117,2
2021.1179,1
2021.118,1
2021.1185,3
2021.119,1
2021.1194,1
2021.12,2
2021.121,1
2021.1217,1
2021.1219,6
2021.122,1
2021.123,6
2021.1236,1
2021.1237,1
2021.1242,1
2021.126,2
2021.1262,1
2021.1268,1
2021.1275,1
2021.1277,1
2021.1278,1
2021.128,2
2021.1285,1
2021.1292,1
2021.13,2
2021.1304,1
2021.1305,1
2021.1311,1
2021.1314,2
2021.1316,1
2021.1392,1
2021.1397,1
2021.1398,1
2021.1407,1
2021.141,4
2021.1414,2
2021.1415,1
2021.142,1
2021.1421,1
2021.1422,1
2021.1423,1
2021.1436,1
2021.1437,1
2021.1439,1
2021.1441,1
2021.1442,1
2021.1443,1
2021.1444,1
2021.1445,2
2021.1446,1
2021.1452,1
2021.1453,1
2021.1454,1
2021.1455,1
2021.1456,1
2021.1467,1
2021.1477,8
2021.1498,1
2021.15,1
2021.1512,1
2021.1513,1
2021.1515,1
2021.152,1
2021.1521,1
2021.1522,1
2021.1523,1
2021.154,1
2021.1541,1
2021.1555,1
2021.157,2
2021.1586,1
2021.1587,1
2021.1596,1
2021.1597,1
2021.1598,1
2021.16,2
2021.1601,1
2021.1602,1
2021.1603,1
2021.1604,1
2021.1605,1
2021.1608,1
2021.1614,2
2021.1633,3
2021.1636,1
2021.1643,1
2021.165,1
2021.1652,2
2021.1653,1
2021.1672,2
2021.1675,1
2021.1689,1
2021.1696,1
2021.1697,1
2021.17,1
2021.1701,1
2021.1703,1
2021.1721,8
2021.1723,1
2021.173,1
2021.1738,1
2021.1748,1
2021.1749,1
2021.1751,1
2021.1761,1
2021.1762,1
2021.1763,1
2021.1764,1
2021.1765,1
2021.1777,1
2021.1782,1
2021.1783,1
2021.1785,1
2021.1786,1
2021.1788,1
2021.1791,1
2021.181,1
2021.1828,3
2021.184,1
2021.191,1
2021.2,1
2021.218,1
2021.219,1
2021.24,1
2021.241,1
2021.242,2
2021.25,1
2021.254,1
2021.255,1
2021.256,1
2021.267,1
2021.277,2
2021.28,20
2021.297,1
2021.298,1
2021.3,1
2021.302,1
2021.314,2
2021.316,1
2021.317,1
2021.318,1
2021.319,1
2021.32,1
2021.339,1
2021.34,1
2021.341,1
2021.4,1
2021.409,1
2021.5,1
2021.51,2
2021.52,1
2021.57,2
2021.629,1
2021.705,1
2021.706,1
2021.707,1
2021.708,1
2021.709,1
2021.724,1
2021.729,2
2021.74,4
2021.751,1
2021.8,1
2021.858,1
2021.879,1
2021.88,3
2021.881,1
2021.913,1
2021.921,1
2021.933,1
2021.942,12
2021.943,1
2021.944,1
2021.946,1
2021.966,1
2021.97,1
2021.98,1
2021.982,1
2021.985,1
2021.991,1
2021.992,1
2021.993,1
2021.994,1
2021.995,1
2021.996,1
2021.997,1
2022.1,1
2022.11,1
2022.1143,1
2022.1146,1
2022.1147,1
2022.1155,1
2022.1156,1
2022.1157,1
2022.118,1
2022.119,1
2022.12,1
2022.1223,1
2022.1224,1
2022.127,1
2022.1327,1
2022.1334,1
2022.1335,1
2022.1336,1
2022.1338,1
2022.136,1
2022.141,1
2022.144,1
2022.15,1
2022.16,1
2022.18,1
2022.183,2
2022.187,1
2022.188,1
2022.189,1
2022.19,1
2022.191,1
2022.216,1
2022.228,1
2022.233,1
2022.234,1
2022.263,1
2022.305,5
2022.331,1
2022.338,1
2022.347,1
2022.348,1
2022.35,1
2022.354,1
2022.358,1
2022.37,1
2022.371,1
2022.372,1
2022.373,1
2022.375,1
2022.376,2
2022.377,1
2022.378,2
2022.379,1
2022.38,1
2022.381,1
2022.382,2
2022.384,1
2022.386,1
2022.388,1
2022.389,1
2022.39,1
2022.393,1
2022.394,1
2022.395,1
2022.396,1
2022.413,2
2022.414,1
2022.415,1
2022.416,1
2022.417,1
2022.418,1
2022.419,1
2022.421,1
2022.422,1
2022.423,1
2022.424,1
2022.425,1
2022.426,1
2022.427,1
2022.428,1
2022.429,1
2022.43,2
2022.431,1
2022.432,1
2022.433,1
2022.434,1
2022.435,1
2022.436,1
2022.437,1
2022.438,1
2022.439,1
2022.44,1
2022.441,1
2022.442,1
2022.443,1
2022.445,1
2022.447,1
2022.448,1
2022.449,1
2022.45,1
2022.451,1
2022.452,1
2022.454,1
2022.455,1
2022.456,1
2022.457,1
2022.464,1
2022.465,1
2022.466,1
2022.467,1
2022.471,1
2022.478,2
2022.48,1
2022.481,1
2022.484,1
2022.485,1
2022.486,1
2022.487,1
2022.488,1
2022.489,1
2022.494,1
2022.495,1
2022.501,1
2022.511,1
2022.512,1
2022.517,1
2022.52,1
2022.524,1
2022.544,1
2022.561,1
2022.562,1
2022.57,1
2022.572,1
2022.573,1
2022.575,1
2022.576,1
2022.577,1
2022.578,1
2022.584,1
2022.593,1
2022.603,1
2022.609,1
2022.61,1
2022.611,1
2022.612,1
2022.613,1
2022.614,1
2022.615,1
2022.62,2
2022.621,1
2022.628,1
2022.635,1
2022.636,1
2022.637,1
2022.639,1
2022.64,1
2022.655,1
2022.657,1
2022.659,1
2022.662,1
2022.77,1
2022.783,1
2022.785,1
2022.786,1
2022.79,1
2022.792,1
2022.8,1
2022.825,1
2022.826,1
2022.827,3
2022.83,1
2022.831,1
2022.841,1
2022.844,1
2022.845,1
2022.856,1
2022.857,1
2022.868,1
2022.875,1
2022.876,1
2022.897,1
2022.9,1
2022.904,1
2022.91,1
2022.923,1
2022.924,1
2022.93,1
2022.935,1
2022.941,1
2022.961,1
2022.965,1
2023,1
2030,1
2040,2
2051,14
2094,1
2103,5
2104,5
2113,20
2120,2
2186,2
2187,4
2203,13
2216,5
2220,2
2224,5
2244,4
2246,5
2248,4
2249,4
2254,5
2260,4
2263,3
2264,1
2266,4
2267,5
2272,1
2279,15
2292,3
2306,1
2322,2
2328,4
2332,1
2337,5
2357,1
2369,4
2372,3
2373,5
2374,5
2376,7
2379,5
2390,4
2394,4
2395,2
2396,1
2400,2
2402,5
2403,1
2406,1
2410,5
2412,5
2417,5
2419,4
2426,5
2430,4
2433,2
2434,1
2446,1
2448,2
2449,4
2451,3
2452,6
2462,4
2476,5
2482,3
2493,1
2511,10
2512,5
2521,1
2523,3
2524,4
2526,5
2535,4
2538,1
2540,1
2544,1
2546,4
2553,4
2555,1
2568,2
2570,1
2574,3
2576,4
2583,5
2593,4
2595,5
2605,5
2607,2
2612,1
2617,5
2626,4
2632,4
2636,2
2706,1
2715,18
2744,4
2747,1
2756,1
2772,5
2793,3
2798,6
2880,1
2888,1
2915,1
2928,3
2961,5
2980,1
2992,5
2998,3
3009,1
1996.MID.00008,12
1996.MID.00015,12
1996.MID.00020,1
1996.MID.00021,2
1996.MID.00022,13
1996.MID.00053,10
1996.MID.00054,20
1996.MID.00056,4
1996.MID.00062,1
1996.MID.00074,17
1996.MID.00076,1
1996.MID.00083,7
1996.MID.00087,6
1996.MID.00089,13
1996.MID.00091,19
1996.MID.00104,8
1996.MID.00106,2
1996.MID.00115,1
1996.MID.00124,1
1996.MID.00125,29
1996.MID.00135,30
1996.MID.00137,10
1996.MID.00144,66
1996.MID.00146,3
1996.MID.00165,3
1996.MID.00170,1
1996.MID.00183,1
1996.MID.00185,156
1996.MID.00188,2
1996.MID.00197,5
1996.MID.00200,3
1996.MID.00211,1
1996.MID.00212,5
1996.MID.00214,1
1996.MID.00222,128
1996.MID.00224,27
1996.MID.00226,74
1996.MID.00228,72
1996.MID.00231,6
1996.MID.00249,4
1996.MID.00254,22
1996.MID.00265,28
1996.MID.00267,1
1996.MID.00275,70
1996.MID.00279,2
1996.MID.00288,2
1996.MID.00295,6
1996.MID.00296,3
1996.MID.00302,2
1996.MID.00307,1
1996.MID.00310,2
1996.MID.00318,5
1996.MID.00337,1
1996.MID.00345,1
1996.MID.00346,26
1996.MID.00349,1
1996.MID.00365,23
1996.MID.00368,42
1996.MID.00381,1
1996.MID.00386,4
1996.MID.00392,1
1996.MID.00393,30
1996.MID.00398,9
1996.MID.00401,2
1996.MID.00409,1
1996.MID.00430,4
1996.MID.00438,52
1996.MID.00443,6
1996.MID.00444,1
1996.MID.00450,11
1996.MID.00466,1
1996.MID.00471,10
1996.MID.00474,3
1996.MID.00481,1
1996.MID.00501,4
1996.MID.00508,2
1996.MID.00513,26
1996.MID.00515,4
1996.MID.00519,34
1996.MID.00521,2
1996.MID.00525,14
1996.MID.00526,5
1996.MID.00530,1
1996.MID.00531,2
1996.MID.00541,2
1996.MID.00546,2
1996.MID.00568,22
1996.MID.00569,10
1996.MID.00576,56
1996.MID.00581,8
1996.MID.00585,1
1996.MID.00587,1
1996.MID.00590,17
1996.MID.00613,2
1996.MID.00614,5
1996.MID.00618,42
1996.MID.00619,12
1996.MID.00620,9
1996.MID.00625,1
1996.MID.00628,6
1996.MID.00642,8
1996.MID.00645,1
1996.MID.00652,2
1996.MID.00658,135
1996.MID.00679,1
1996.MID.00681,5
1996.MID.00692,1
1996.MID.00724,38
1996.MID.00726,1
1996.MID.00730,5
1996.MID.00738,12
1996.MID.00743,64
1996.MID.00744,1
1996.MID.00747,16
1996.MID.00766,2
1996.MID.00769,9
1996.MID.00771,40
1996.MID.00774,1
1996.MID.00782,9
1996.MID.00790,1
1996.MID.00792,78
1996.MID.00798,2
1996.MID.00800,1
1996.MID.00808,2
1996.MID.00810,3
1996.MID.00817,2
1996.MID.00824,2
1996.MID.00826,3
1996.MID.00844,1
1996.MID.00848,6
1996.MID.00853,2
1996.MID.00856,1
1996.MID.00857,4
1996.MID.00860,1
1996.MID.00869,1
1996.MID.00876,5
1996.MID.00879,63
1996.MID.00884,5
1996.MID.00887,11
1996.MID.00890,5
1996.MID.00894,8
1996.MID.00918,82
1996.MID.00934,5
1996.MID.00936,2
1996.MID.00942,1
1996.MID.00945,2
1996.MID.00946,12
1996.MID.00957,1
1996.MID.00962,2
1996.MID.00969,1
1996.MID.00981,3
1996.MID.00995,26
1996.MID.00999,3
1996.MID.01023,5
1996.MID.01024,4
1996.MID.01045,2
1996.MID.01051,11
1996.MID.01054,38
1996.MID.01066,14
1996.MID.01068,4
1996.MID.01069,1
1996.MID.01071,12
1996.MID.01072,1
1996.MID.01092,8
1996.MID.01106,4
1996.MID.01108,1
1996.MID.01109,5
1996.MID.01114,3
1996.MID.01121,1
1996.MID.01131,8
1996.MID.01171,12
1996.MID.01179,13
1996.MID.01182,4
1996.MID.01184,3
1996.MID.01191,3
1996.MID.01192,2
1996.MID.01198,1
1996.MID.01207,10
1996.MID.01227,9
1996.MID.01229,1
1996.MID.01234,4
1996.MID.01242,7
1996.MID.01251,30
1996.MID.01276,6
1996.MID.01279,7
1996.MID.01286,10
1996.MID.01290,5
1996.MID.01300,6
1996.MID.01303,1
1996.MID.01305,16
1996.MID.01308,1
1996.MID.01312,1
1996.MID.01316,1
1996.MID.01324,8
1996.MID.01332,26
1996.MID.01334,7
1996.MID.01346,3
1996.MID.01355,3
1996.MID.01367,7
1996.MID.01369,90
1996.MID.01373,1
1996.MID.01422,2
1996.MID.01423,9
1996.MID.01434,1
1996.MID.01444,5
1996.MID.01446,2
1996.MID.01448,48
1996.MID.01454,1
1996.MID.01455,4
1996.MID.01458,6
1996.MID.01473,1
1996.MID.01479,1
1996.MID.01484,1
1996.MID.01491,18
1996.MID.01492,13
1996.MID.01499,28
1996.MID.01509,1
1996.MID.01510,1
1996.MID.01511,2
1996.MID.01514,1
1996.MID.01523,4
1996.MID.01542,2
1996.MID.01543,1
1996.MID.01547,21
1996.MID.01574,4
1996.MID.01576,295
1996.MID.01577,45
1996.MID.01580,9
1996.MID.01581,5
1996.MID.01593,3
1996.MID.01612,1
1996.MID.01613,12
1996.MID.01626,2
1996.MID.01628,2
1996.MID.01633,2
1996.MID.01650,3
1996.MID.01656,2
1996.MID.01668,5
1996.MID.01669,2
1996.MID.01685,7
1996.MID.01693,2
1996.MID.01709,136
1996.MID.01710,1
1996.MID.01713,8
1996.MID.01715,72
1996.MID.01716,3
1996.MID.01721,1
1996.MID.01722,3
1996.MID.01733,9
1996.MID.01742,2
1996.MID.01744,32
1996.MID.01749,5
1996.MID.01755,4
1996.MID.01757,3
1996.MID.01760,3
1996.MID.01778,5
1996.MID.01790,3
1996.MID.01802,6
1996.MID.01815,4
1996.MID.01827,20
1996.MID.01840,4
1996.MID.01843,3
1996.MID.01846,5
1996.MID.01849,3
1996.MID.01853,5
1996.MID.01855,12
1996.MID.01869,9
1996.MID.01871,1
1996.MID.01881,5
1996.MID.01888,7
1996.MID.01924,3
1996.MID.01927,1
1996.MID.01933,4
1996.MID.01935,1
1996.MID.01936,1
1996.MID.01943,1
1996.MID.01952,1
1996.MID.01963,11
1996.MID.01967,9
1996.MID.01976,1
1996.MID.02011,3
1996.MID.02027,24
1996.MID.02046,1
1996.MID.02054,2
1996.MID.02067,2
1996.MID.02075,1
1996.MID.02078,1
1996.MID.02087,1
1996.MID.02093,6
1996.MID.02104,28
1996.MID.02105,3
1996.MID.02108,1
1996.MID.02113,12
1996.MID.02118,1
1996.MID.02121,1
1996.MID.02131,9
1996.MID.02134,3
1996.MID.02141,27
1996.MID.02146,3
1996.MID.02149,102
1996.MID.02151,48
1996.MID.02170,33
1996.MID.02172,14
1996.MID.02173,13
1996.MID.02174,1
1996.MID.02177,3
1996.MID.02182,4
1996.MID.02183,60
1996.MID.02184,8
1996.MID.02187,1
1996.MID.02189,3
1996.MID.02195,3
1996.MID.02206,16
1996.MID.02211,2
1996.MID.02219,13
1996.MID.02222,4
1996.MID.02223,5
1996.MID.02249,11
1996.MID.02253,12
1996.MID.02278,48
1996.MID.02280,1
1996.MID.02281,2
1996.MID.02293,9
1996.MID.02312,22
1996.MID.02328,15
1996.MID.02335,1
1996.MID.02337,1
1996.MID.02339,5
1996.MID.02345,1
1996.MID.02348,18
1996.MID.02352,8
1996.MID.02354,1
1996.MID.02355,1
1996.MID.02360,1
1996.MID.02368,1
1996.MID.02370,8
1996.MID.02374,3
1996.MID.02381,11
1996.MID.02396,3
1996.MID.02397,2
1996.MID.02398,24
1996.MID.02405,2
1997.MID.02424,5
1997.MID.02425,3
1997.MID.02428,13
1997.MID.02443,8
1997.MID.02449,2
1997.MID.02452,1
1997.MID.02455,3
1997.MID.02458,1
1997.MID.02466,1
1997.MID.02468,3
1997.MID.02474,11
1997.MID.02497,1
1997.MID.02504,6
1997.MID.02508,33
1997.MID.02510,2
1997.MID.02517,4
1997.MID.02519,3
1997.MID.02521,24
1997.MID.02530,5
1997.MID.02535,3
1997.MID.02543,2
1997.MID.02557,1
1997.MID.02564,2
1997.MID.02571,1
1997.MID.02587,1
1997.MID.02598,1
1997.MID.02600,3
1997.MID.02609,1
1997.MID.02622,36
1997.MID.02628,6
1997.MID.02633,6
1997.MID.02635,15
1997.MID.02638,1
1997.MID.02639,12
1997.MID.02646,1
1997.MID.02654,3
1997.MID.02670,1
1997.MID.02697,4
1997.MID.02750,1
1997.MID.02755,1
1997.MID.02760,1
1997.MID.02765,2
1997.MID.02770,3
1997.MID.02789,3
1997.MID.02798,4
1997.MID.02799,3
1997.MID.02801,1
1997.MID.02805,1
1997.MID.02833,1
1997.MID.02836,2
1997.MID.02840,6
1997.MID.02842,15
1997.MID.02853,34
1997.MID.02854,9
1998.MID.02855,4
1998.MID.02857,5
1998.MID.02859,1
1998.MID.02861,5
1998.MID.02863,3
1998.MID.02867,1
1998.MID.02870,4
1998.MID.02871,5
1998.MID.02902,2
1998.MID.02906,3
1998.MID.02918,1
1998.MID.02988,2
1998.MID.02989,8
1998.MID.02990,600
1998.MID.02992,9
1998.MID.02993,1
1998.MID.03034,2
1998.MID.03036,4
1998.MID.03063,3
1998.MID.03117,7
1998.MID.03141,20
1998.MID.03143,12
1998.MID.03169,6
1998.MID.03207,96
1998.MID.03214,1
1998.MID.03230,50
1998.MID.03232,6
1998.MID.03233,1
1998.MID.03260,40
1998.MID.03265,3
1998.MID.03268,5
1998.MID.03269,80
1998.MID.03271,6
1998.MID.03279,52
1998.MID.03280,15
1998.MID.03289,2
1998.MID.03302,5
1998.MID.03304,1
1998.MID.03308,4
1998.MID.03309,3
1998.MID.03310,8
1998.MID.03313,1
1998.MID.03314,4
1998.MID.03323,1
1998.MID.03326,18
1998.MID.03331,1
1998.MID.03334,2
1998.MID.03336,2
1998.MID.03337,1
1998.MID.03339,3
1998.MID.03344,7
1998.MID.03345,1
1998.MID.03354,3
1998.MID.03356,1
1998.MID.03357,1
1998.MID.03363,3
1998.MID.03366,154
1998.MID.03374,3
1998.MID.03376,1
1998.MID.03377,1
1998.MID.03382,3
1998.MID.03396,2
1998.MID.03399,6
1998.MID.03400,2
1998.MID.03420,1
1998.MID.03422,2
1998.MID.03424,2
1998.MID.03442,1
1998.MID.03451,1
1998.MID.03456,6
1998.MID.03478,4
1998.MID.03492,3
1998.MID.03505,1
1998.MID.03510,3
1998.MID.03526,3
1998.MID.03530,1
1998.MID.03531,2
1998.MID.03560,1
1998.MID.03575,1
1998.MID.03582,3
1998.MID.03587,9
1998.MID.03604,5
1998.MID.03605,1
1998.MID.03690,11
1998.MID.04056,7
1998.MID.04058,2
1998.MID.04161,3
1998.MID.04191,1
1998.MID.04201,4
1999.MID.04230,18
1999.MID.04235,8
1999.MID.04309,4
1999.MID.04335,20
1999.MID.04346,9
1999.MID.04357,8
1999.MID.04361,2
1999.MID.04444,1
1999.MID.04463,1
1999.MID.04490,1
1999.MID.04493,2
1999.MID.04496,9
1999.MID.04498,1
1999.MID.04499,1
1999.MID.04501,21
1999.MID.04504,1
1999.MID.04508,8
1999.MID.04516,2
1999.MID.04535,2
1999.MID.04552,15
1999.MID.04560,2
1999.MID.04597,92
1999.MID.04605,6
1999.MID.04615,3
1999.MID.04624,17
1999.MID.04626,7
1999.MID.04636,9
1999.MID.04638,1
1999.MID.04644,20
1999.MID.04648,1
1999.MID.04655,2
1999.MID.04682,20
1999.MID.04696,1
1999.MID.04700,3
1999.MID.04706,9
1999.MID.04710,7
1999.MID.04718,4
1999.MID.04728,6
1999.MID.04732,5
1999.MID.04743,20
1999.MID.04779,7
1999.MID.04793,5
1999.MID.04813,1
1999.MID.04847,9
1999.MID.04856,1
1999.MID.04861,2
1999.MID.04869,2
1999.MID.04877,95
1999.MID.04886,2
1999.MID.04900,17
1999.MID.04904,1
1999.MID.04907,1
1999.MID.04911,3
1999.MID.04925,1
1999.MID.04934,2
1999.MID.04939,6
2000.MID.04949,10
2000.MID.04954,1
2000.MID.04976,5
2000.MID.04981,3
2000.MID.05006,2
2000.MID.05010,3
2000.MID.05014,36
2000.MID.05017,30
2000.MID.05045,1
2000.MID.05046,2
2000.MID.05052,1
2000.MID.05055,1
2000.MID.05074,2
2000.MID.05084,64
2000.MID.05085,6
2000.MID.05104,8
2000.MID.05136,1
2000.MID.05175,3
2000.MID.05208,4
2000.MID.05227,8
2000.MID.05265,2
2000.MID.05315,1
2000.MID.05323,1
2000.MID.05345,4
2000.MID.05359,1
2000.MID.05450,1
2000.MID.05474,11
2000.MID.05522,4
2000.MID.05523,38
2000.MID.05527,40
2000.MID.05528,20
2000.MID.05532,1
2001.MID.05552,3
2001.MID.05554,1
2001.MID.05560,3
2001.MID.05563,11
2001.MID.05574,7
2001.MID.05581,5
2001.MID.05583,2
2001.MID.05634,7
2001.MID.05655,5
2001.MID.05659,1
2001.MID.05661,7
2001.MID.05662,1
2001.MID.05678,5
2001.MID.05685,14
2001.MID.05693,1
2001.MID.05726,22
2001.MID.05739,8
2001.MID.05762,2
2001.MID.05764,2
2001.MID.05769,4
2001.MID.05772,2
2001.MID.05780,8
2001.MID.05781,2
2001.MID.05810,4
2001.MID.05850,1
2001.MID.05871,1
2001.MID.05878,1
2001.MID.05887,7
2001.MID.05902,4
2001.MID.05910,1
2001.MID.05941,7
2001.MID.05942,208
2001.MID.05971,1
2001.MID.05995,1
2001.MID.06004,1
2001.MID.06011,1
2001.MID.06051,5
2001.MID.06077,3
2001.MID.06083,16
2001.MID.06110,14
2001.MID.06119,1
2001.MID.06121,9
2001.MID.06144,14
2001.MID.06187,5
2001.MID.06193,2
2001.MID.06197,4
2001.MID.06198,1
2001.MID.06240,4
2001.MID.06246,5
2001.MID.06249,2
2001.MID.06252,4
2001.MID.06253,7
2001.MID.06254,1
2001.MID.06267,1
2001.MID.06270,2
2001.MID.06279,5
2001.MID.06295,3
2002.MID.06348,3
2002.MID.06355,1
2002.MID.06399,4
2002.MID.06401,1
2002.MID.06407,6
2002.MID.06421,1
2002.MID.06441,5
2002.MID.06466,5
2002.MID.06743,1
2002.MID.06748,8
2002.MID.06782,8
2002.MID.06785,2
2002.MID.06797,1
2002.MID.06826,6
2002.MID.06844,4
2002.MID.06866,1
2002.MID.06936,6
2002.MID.06938,2
2002.MID.06946,5
2002.MID.06949,2
2002.MID.06951,5
2002.MID.06953,1
2002.MID.06958,22
2002.MID.06963,5
2002.MID.06965,8
2002.MID.06967,5
2002.MID.07001,4
2002.MID.07005,5
2002.MID.07007,5
2002.MID.07058,2
2002.MID.07065,9
2002.MID.07068,10
2002.MID.07080,1
2002.MID.07082,1
2002.MID.07089,22
2002.MID.07097,1
2002.MID.07148,1
2002.MID.07172,3
2002.MID.07194,2
2002.MID.07212,5
2002.MID.07214,30
2002.MID.07228,1
2002.MID.07245,2
2002.MID.07275,6
2002.MID.07278,1
2002.MID.07280,4
2002.MID.07282,1
2003.MID.07289,2
2003.MID.07331,9
2015.MID.07365,1
2016_jak_06,6
2016_jak_18,52
